id;user_id;card_number;card_holder_name;card_expiration_month;card_expiration_year;card_cvv;created_at;updated_at
529856d2-c843-4912-8217-65ce8d3b0675;7c5c12bf-f80f-4ec3-815a-222224580aab;Berkshire;Pre-emptive transmit Multi-channelled;11743;5290;haptic;2023-04-25T21:22:21;2023-04-25T22:59:46
75fe8ad4-48e3-4055-84ee-b8ff83ccc3d6;a0bb96d2-6018-4d37-95d1-8bffd808abd8;Islands Ameliorated;deposit Avon Virginia;68270;28085;protocol transmit reboot;2023-04-25T20:49:05;2023-04-25T20:05:16
4a2679c4-40bc-4f03-90ca-137ba8bbb959;03f6a216-9daf-4f6d-8b3b-9465ec2e151b;reboot;Metical;13566;10974;Cross-platform Personal overriding;2023-04-25T16:42:26;2023-04-25T16:58:17
a35f4f3b-f988-418f-a402-c7133e83a2dc;9b78e78a-d048-4735-89b1-b2132befe248;Savings;drive;42335;80831;wireless transmitting;2023-04-25T14:50:13;2023-04-26T00:36:29
fbc38e56-47a3-4f45-9487-ac0445650a48;605d697f-9895-4e3c-b563-0b5f0acf8cf1;Skyway Clothing invoice;Metal;90476;24766;Metrics;2023-04-25T20:33:13;2023-04-26T05:37:15
4d3fb015-fefd-49a0-9d90-84001989c24d;4298714d-22ea-481b-91ef-ee6cd45eceed;purple;protocol multi-byte;29421;88905;hack cross-platform Kazakhstan;2023-04-26T06:40:34;2023-04-26T01:33:42
a8249d8f-675d-4f08-a139-29292b3c3715;29c35e76-0d29-4335-8da9-8d939b9022b0;Bacon secondary Electronics;CSS Computer;52176;53141;multi-byte;2023-04-26T03:42:52;2023-04-26T00:37:02
fff4fd13-3e99-48ff-bd0d-1abf7360a260;a814b893-fae8-4006-9b9d-f639f891e433;Re-contextualized Intranet;Intelligent Idaho;97569;10725;repurpose;2023-04-25T19:00:19;2023-04-25T22:52:02
7406652e-10d9-43c0-bdc9-c28b4f98f469;62dd1493-d816-4984-956e-47cbaf9ceabf;Books;parse Sleek Data;89788;24564;red panel rich;2023-04-25T11:09:53;2023-04-25T14:03:45
2826c7ad-fcc5-4caf-8524-256e57d63374;f616a35a-779b-46ee-bd2f-50863f620ad5;Bike;invoice Interface;71631;31000;Designer Kong;2023-04-26T05:59:18;2023-04-26T05:22:19
