id;name;description;price;created_at;updated_at
3090a85f-db9c-465e-bc55-cb21cecea3b7;withdrawal THX Division;Metal;83023;2023-04-25T22:37:58;2023-04-25T15:34:12
9615f87e-dd48-4a47-b09b-8258724b0023;digital;CFP orange;9548;2023-04-25T21:20:21;2023-04-25T09:39:10
cf59e3c0-ded8-49f3-9082-64847a72ad2f;De-engineered;Central Intelligent;88292;2023-04-25T15:12:34;2023-04-25T17:31:04
049cda2c-5fc9-4c7e-84c3-d215808cf17d;Implementation;application grey solution;91780;2023-04-25T18:56:04;2023-04-25T22:35:55
9014e411-f01a-4246-8fc2-0e58e8f102aa;Usability multi-byte;Kids IB;52857;2023-04-25T19:07:18;2023-04-26T08:09:07
f1243a14-e5cd-416e-b048-ebc7c9917f68;Product;Administrator CFA;47027;2023-04-25T16:15:19;2023-04-26T04:16:58
454cfd17-74b3-4faf-8689-5a23d52cdca3;clear-thinking focus;Loan;67105;2023-04-26T05:54:35;2023-04-26T08:17:53
3837f44d-92c6-4598-9652-2a23798b99af;grid-enabled Tasty Keyboard;Producer;50912;2023-04-25T13:24:33;2023-04-26T05:14:17
f4086ec1-e487-48fe-9fa0-335fa46fd588;Producer Triple-buffered;JBOD User-friendly bluetooth;36826;2023-04-25T18:58:21;2023-04-25T11:37:19
e238c696-74a9-409e-814a-49c120e4d9af;Lebanon Analyst;Nevada clicks-and-mortar protocol;58934;2023-04-25T13:56:45;2023-04-25T21:01:28
