id;user_id;first_name;last_name;phone;address;city;state;country;postal_code;created_at;updated_at
02da38ff-2d77-4054-ab35-91228f4806a6;9159c711-e82b-43bd-831b-58d2d16a3e0e;Samanta;Lubowitz;1-323-786-2010;out-of-the-box;Carrollburgh;bypass bus;Cyprus;Palau;2023-04-25T13:53:15;2023-04-25T23:23:22
fa1cc02e-da49-4a31-9f10-2f8be15f46d9;edcaa6bc-3708-4cfa-b0b2-1249d15b3003;Donnell;Erdman;1-237-491-0368 x167;Agent Marshall Gorgeous;Oswaldmouth;harness Games Checking;Western Sahara;drive Pizza;2023-04-25T09:08:31;2023-04-25T16:11:55
9cef4692-c830-4177-94d5-0799630d56a7;753fa859-8f9f-45b0-b476-8a8ea9e17c0c;Stuart;Price;209-580-9282;withdrawal Accountability Fresh;Charlotte;Chair;Gambia;Kids;2023-04-25T23:48:36;2023-04-25T16:16:30
0555edc7-1fef-4ece-b05e-5dbe8f892639;ed5982ff-3635-41f7-a45d-96a81c0b87b5;Trent;Wehner;1-950-268-2535 x46408;Sausages Serbia;Bruenfurt;Buckinghamshire Automotive Refined;Bosnia and Herzegovina;Sleek Web COM;2023-04-26T04:10:12;2023-04-26T08:10:11
98ecf0d0-a891-44e6-a3e6-138ac9b092a4;ca82f5df-aa88-4a86-9e6a-274a26269daa;Eleanore;Leannon;1-343-709-7943 x025;metrics Money green;West Stuartside;mindshare;Mongolia;connecting;2023-04-25T15:34:22;2023-04-25T12:36:33
87ae6079-eef8-4e55-98df-902647f86aa0;07324428-0e08-48df-bdf9-ba773a6c0638;Flavie;Brekke;207.741.5963 x6414;Planner Granite;MacGyverbury;transmit navigate;Niger;Salad coherent;2023-04-25T08:34:26;2023-04-25T09:03:23
c966a04b-b89f-46b3-aee2-06267b482c75;cfb12a3d-ba68-48e4-875a-3303707f5656;Kitty;Ortiz;682.240.9217 x55425;Cambridgeshire;Botsfordview;Cotton;Seychelles;transmitter;2023-04-26T00:35:52;2023-04-26T05:14:34
cb5d5ae8-486e-4d8d-8517-6ff9abc8d40c;99d558cc-a7f9-4581-89b6-b6d5281206aa;Burnice;Toy;(984) 705-3722 x3707;Avon;Deliaview;real-time Grass-roots;Sierra Leone;JSON auxiliary application;2023-04-26T06:03:37;2023-04-25T16:11:06
8ef81296-b97c-4938-8935-760d5aea203f;b567002c-4245-45e8-8845-ba748543139d;Marcus;Beahan;302.236.1377;Account Colombia;Schusterfurt;Principal indigo Towels;Heard Island and McDonald Islands;Monitored;2023-04-25T14:17:42;2023-04-26T02:47:38
2b5f1813-7419-4bc2-abb6-4ee4b792e08d;cdd7497b-626f-458d-a382-74e5332b66fd;Dahlia;Brekke;(879) 599-2596 x7742;paradigms;Port Stoneville;ADP Fresh;Central African Republic;Cotton transmitter Fantastic;2023-04-25T18:08:01;2023-04-26T00:39:00
